"GEOID","population","percent_female","percent_white","percent_over_49","access_3sfca","access_2sfca","access_3sfca_30","access_3sfca_gauss","access_3sfca_commute"
"11001",692683,52.8042241188912,41.6624738354834,24.0624411021729,2810.19143625394,2912.07350317774,2779.32557172124,3106.5842751178,2942.0334667707
"24031",1043530,51.8612554382997,56.7593340543039,30.508041428249,3343.43462925057,3081.87554531576,3343.24690357079,4079.69104131368,3145.40802121626
"24033",908670,51.955867901994,17.4251946875082,27.6689687122436,3443.16414774473,3451.79997724436,3426.23875493844,3008.31599024016,3461.76658174363
"51013",233464,49.8401363317282,73.5087374380281,22.2308260844458,995.568601586232,1171.09980208912,981.194275619997,1604.36001852162,1078.87334516879
"51059",1145862,50.413761796943,62.8490120079834,27.641454024398,3512.80366938188,3543.81167351175,3163.01875439268,2074.10042421596,3442.24735875373
"51107",395134,50.5830778948614,68.2416388336404,24.6529301704949,1292.70307921118,1124.96023135951,953.1379000599,837.170947434131,1260.99079120045
"51510",157613,52.2950891898249,65.2051416522529,25.2365551597893,557.405200119414,658.827805939616,537.117955264787,244.9154732206,619.127931079208
"51600",23531,51.184829659894,69.3833185890062,29.1586295205197,60.7292364519972,71.5514613621214,56.7198844322042,50.8618299360146,65.5525040672235
